image_name,image_width,image_height,top_x,top_y,bottom_x,bottom_y
Indian Number Plates/licensed_car0.jpeg,806,466,0.722084367245657,0.5879828326180251,0.8684863523573201,0.688841201716738
Indian Number Plates/licensed_car1.jpeg,494,449,0.16194331983805602,0.850779510022271,0.582995951417004,1.0
Indian Number Plates/licensed_car2.jpeg,500,314,0.082,0.697452229299363,0.23,0.8280254777070061
Indian Number Plates/licensed_car3.jpeg,500,469,0.434,0.667377398720682,0.718,0.7654584221748401
Indian Number Plates/licensed_car4.jpeg,1001,563,0.20879120879120802,0.39076376554174,0.865134865134865,0.9840142095914741
Indian Number Plates/licensed_car5.jpeg,416,431,0.254807692307692,0.649651972157772,0.627403846153846,0.7772621809744781
Indian Number Plates/licensed_car6.jpeg,551,455,0.411978221415607,0.529670329670329,0.8058076225045371,0.6923076923076921
Indian Number Plates/licensed_car7.jpeg,550,537,0.48545454545454503,0.461824953445065,0.72,0.595903165735568
Indian Number Plates/licensed_car8.jpeg,1569,1119,0.410757946210268,0.453714285714285,0.5688671556642211,0.516571428571428
Indian Number Plates/licensed_car9.jpeg,1632,918,0.41320293398533003,0.397101449275362,0.58679706601467,0.623188405797101
Indian Number Plates/licensed_car10.jpeg,642,400,0.311526479750778,0.34500000000000003,0.657320872274143,0.5475
Indian Number Plates/licensed_car11.jpeg,1024,769,0.33984375,0.49154746423927104,0.4873046875,0.5682704811443431
Indian Number Plates/licensed_car12.jpeg,640,435,0.3359375,0.427586206896551,0.6828124999999999,0.549425287356321
Indian Number Plates/licensed_car13.jpeg,550,534,0.18,0.41573033707865104,0.44363636363636305,0.6292134831460671
Indian Number Plates/licensed_car14.jpeg,500,265,0.302,0.388679245283018,0.72,0.70188679245283
Indian Number Plates/licensed_car15.jpeg,774,642,0.35400516795865605,0.5358255451713391,0.667958656330749,0.671339563862928
Indian Number Plates/licensed_car16.jpeg,769,417,0.37971391417425204,0.6187050359712231,0.635890767230169,0.7673860911270981
Indian Number Plates/licensed_car17.jpeg,468,366,0.128205128205128,0.590163934426229,0.39957264957264904,0.7650273224043711
Indian Number Plates/licensed_car18.jpeg,492,393,0.678861788617886,0.486005089058524,0.8800813008130081,0.595419847328244
Indian Number Plates/licensed_car19.jpeg,919,532,0.285092491838955,0.35714285714285704,0.80739934711643,0.7387218045112781
Indian Number Plates/licensed_car20.jpeg,470,375,0.31489361702127605,0.474666666666666,0.75531914893617,0.7333333333333331
Indian Number Plates/licensed_car21.jpeg,802,615,0.34039900249376503,0.004878048780487,0.6371571072319201,0.10731707317073101
Indian Number Plates/licensed_car22.jpeg,768,1024,0.32552083333333304,0.49414062500000006,0.634114583333333,0.5703125
Indian Number Plates/licensed_car23.jpeg,768,1024,0.375,0.4130859375,0.7447916666666661,0.484375
Indian Number Plates/licensed_car24.jpeg,600,361,0.27,0.548476454293628,0.718333333333333,0.7700831024930741
Indian Number Plates/licensed_car25.jpeg,624,450,0.453525641025641,0.39555555555555505,0.693910256410256,0.49111111111111105
Indian Number Plates/licensed_car26.jpeg,600,486,0.305,0.450617283950617,0.761666666666666,0.6584362139917691
Indian Number Plates/licensed_car27.jpeg,500,399,0.098,0.46365914786967405,0.494,0.7368421052631571
Indian Number Plates/licensed_car28.jpeg,2656,1494,0.11165444172779102,0.082608695652173,0.9119804400977991,0.41159420289855003
Indian Number Plates/licensed_car29.jpeg,1600,916,0.07579462102689401,0.047008547008547,0.93480032599837,0.368945868945868
Indian Number Plates/licensed_car30.jpeg,1512,825,0.18826405867970603,0.21375186846038802,0.9543602281988591,0.8310911808669651
Indian Number Plates/licensed_car31.jpeg,1000,562,0.45,0.49288256227758004,0.5680000000000001,0.6334519572953731
Indian Number Plates/licensed_car32.jpeg,610,485,0.185245901639344,0.49072164948453606,0.460655737704918,0.647422680412371
Indian Number Plates/licensed_car33.jpeg,730,563,0.063013698630136,0.6198934280639431,0.358904109589041,0.740674955595026
Indian Number Plates/licensed_car34.jpeg,3720,2472,0.318663406682966,0.391411042944785,0.668296658516707,0.548466257668711
Indian Number Plates/licensed_car35.jpeg,850,681,0.37058823529411705,0.386196769456681,0.64,0.47283406754772306
Indian Number Plates/licensed_car36.jpeg,320,240,0.303125,0.41250000000000003,0.609375,0.579166666666666
Indian Number Plates/licensed_car37.jpeg,304,248,0.401315789473684,0.43548387096774105,0.631578947368421,0.6854838709677411
Indian Number Plates/licensed_car38.jpeg,1632,918,0.48655256723716306,0.528985507246376,0.5590872045639771,0.571014492753623
Indian Number Plates/licensed_car39.jpeg,300,225,0.026666666666666002,0.36,0.996666666666666,0.746666666666666
Indian Number Plates/licensed_car40.jpeg,700,466,0.22142857142857103,0.39270386266094404,0.45,0.551502145922746
Indian Number Plates/licensed_car41.jpeg,518,458,0.299227799227799,0.493449781659388,0.654440154440154,0.6506550218340611
Indian Number Plates/licensed_car42.jpeg,500,409,0.052000000000000005,0.6405867970660141,0.328,0.80440097799511
Indian Number Plates/licensed_car43.jpeg,500,257,0.052000000000000005,0.062256809338521006,0.97,0.9922178988326841
Indian Number Plates/licensed_car44.jpeg,1200,800,0.49666666666666603,0.58,0.7391666666666661,0.6625
Indian Number Plates/licensed_car45.jpeg,594,379,0.685185185185185,0.44591029023746703,0.8989898989898991,0.564643799472295
Indian Number Plates/licensed_car46.jpeg,588,476,0.3078231292517,0.5861344537815121,0.644557823129251,0.7373949579831931
Indian Number Plates/licensed_car47.jpeg,1024,682,0.3876953125,0.6173020527859231,0.583984375,0.708211143695014
Indian Number Plates/licensed_car48.jpeg,1280,847,0.24449877750611201,0.34359605911330005,0.8793806030969841,0.626847290640394
Indian Number Plates/licensed_car49.jpeg,341,368,0.33724340175953005,0.5326086956521741,0.607038123167155,0.654891304347826
Indian Number Plates/licensed_car50.jpeg,960,1280,0.46041666666666603,0.5515625,0.6937500000000001,0.61640625
Indian Number Plates/licensed_car51.jpeg,608,302,0.6101973684210521,0.6688741721854301,0.8223684210526311,0.864238410596026
Indian Number Plates/licensed_car52.jpeg,469,436,0.104477611940298,0.669724770642201,0.417910447761194,0.793577981651376
Indian Number Plates/licensed_car53.jpeg,400,278,0.52,0.56115107913669,0.8875000000000001,0.7014388489208631
Indian Number Plates/licensed_car54.jpeg,400,374,0.26,0.612299465240641,0.7025,0.7700534759358281
Indian Number Plates/licensed_car55.jpeg,500,269,0.562,0.6988847583643121,0.886,0.8810408921933081
Indian Number Plates/licensed_car56.jpeg,1024,818,0.373046875,0.485330073349633,0.509765625,0.540342298288508
Indian Number Plates/licensed_car57.jpeg,735,529,0.201360544217687,0.34404536862003704,0.39047619047619003,0.44234404536862004
Indian Number Plates/licensed_car58.jpeg,547,546,0.168190127970749,0.46520146520146505,0.5502742230347341,0.673992673992674
Indian Number Plates/licensed_car59.jpeg,500,416,0.294,0.5625,0.714,0.7788461538461531
Indian Number Plates/licensed_car60.jpeg,2432,1368,0.31621841890790503,0.530434782608695,0.46128769356153204,0.6173913043478261
Indian Number Plates/licensed_car61.jpeg,414,432,0.29710144927536203,0.48379629629629606,0.702898550724637,0.6041666666666661
Indian Number Plates/licensed_car62.jpeg,500,245,0.012,0.040816326530612006,0.99,1.0
Indian Number Plates/licensed_car63.jpeg,333,500,0.10510510510510501,0.39,0.576576576576576,0.544
Indian Number Plates/licensed_car64.jpeg,305,274,0.20327868852459002,0.48175182481751805,0.573770491803278,0.6934306569343061
Indian Number Plates/licensed_car65.jpeg,250,179,0.076,0.134078212290502,0.996,0.9329608938547481
Indian Number Plates/licensed_car66.jpeg,503,439,0.18489065606361801,0.300683371298405,0.7196819085487071,0.6469248291571751
Indian Number Plates/licensed_car67.jpeg,534,337,0.080524344569288,0.5934718100890201,0.213483146067415,0.786350148367952
Indian Number Plates/licensed_car68.jpeg,736,483,0.12364130434782601,0.612836438923395,0.286684782608695,0.7122153209109731
Indian Number Plates/licensed_car69.jpeg,478,395,0.311715481171548,0.5164556962025311,0.6799163179916311,0.660759493670886
Indian Number Plates/licensed_car70.jpeg,446,282,0.36547085201793705,0.75886524822695,0.683856502242152,0.9255319148936171
Indian Number Plates/licensed_car71.jpeg,500,349,0.28200000000000003,0.7106017191977071,0.686,0.8939828080229221
Indian Number Plates/licensed_car72.jpeg,500,252,0.276,0.30952380952380903,0.762,0.738095238095238
Indian Number Plates/licensed_car73.jpeg,650,435,0.24769230769230702,0.420689655172413,0.453846153846153,0.5287356321839081
Indian Number Plates/licensed_car74.jpeg,500,372,0.318,0.438172043010752,0.686,0.60752688172043
Indian Number Plates/licensed_car75.jpeg,600,337,0.688333333333333,0.42729970326409406,0.866666666666666,0.5519287833827891
Indian Number Plates/licensed_car76.jpeg,500,378,0.29,0.5291005291005291,0.65,0.6613756613756611
Indian Number Plates/licensed_car77.jpeg,927,309,0.488673139158576,0.35598705501618105,0.891046386192017,0.7831715210355981
Indian Number Plates/licensed_car78.jpeg,452,274,0.34070796460176905,0.507299270072992,0.65929203539823,0.7080291970802921
Indian Number Plates/licensed_car79.jpeg,1024,768,0.5458984375,0.595052083333333,0.828125,0.704427083333333
Indian Number Plates/licensed_car80.jpeg,445,349,0.14606741573033702,0.395415472779369,0.7977528089887641,0.716332378223495
Indian Number Plates/licensed_car81.jpeg,480,480,0.6979166666666661,0.6354166666666661,0.9833333333333331,0.7645833333333331
Indian Number Plates/licensed_car82.jpeg,425,290,0.22117647058823503,0.162068965517241,0.8470588235294111,0.7655172413793101
Indian Number Plates/licensed_car83.jpeg,500,281,0.4,0.469750889679715,0.6880000000000001,0.637010676156583
Indian Number Plates/licensed_car84.jpeg,371,396,0.27762803234501304,0.527777777777777,0.6954177897574121,0.696969696969697
Indian Number Plates/licensed_car85.jpeg,500,457,0.292,0.5120350109409191,0.728,0.693654266958424
Indian Number Plates/licensed_car86.jpeg,441,363,0.453514739229024,0.5096418732782371,0.816326530612244,0.724517906336088
Indian Number Plates/licensed_car87.jpeg,1800,1200,0.4360228198859,0.5427872860635691,0.599837000814995,0.618581907090464
Indian Number Plates/licensed_car88.jpeg,1800,1200,0.5615321923390381,0.47555012224938803,0.792176039119804,0.6210268948655251
Indian Number Plates/licensed_car89.jpeg,2285,1714,0.37000814995925,0.469565217391304,0.69682151589242,0.572826086956521
Indian Number Plates/licensed_car90.jpeg,462,290,0.6796536796536791,0.358620689655172,0.8311688311688311,0.510344827586206
Indian Number Plates/licensed_car91.jpeg,1000,562,0.606,0.512455516014234,0.782,0.629893238434163
Indian Number Plates/licensed_car92.jpeg,441,451,0.34240362811791303,0.784922394678492,0.6870748299319721,0.9445676274944561
Indian Number Plates/licensed_car93.jpeg,377,244,0.15384615384615302,0.6147540983606551,0.45358090185676303,0.844262295081967
Indian Number Plates/licensed_car94.jpeg,740,490,0.397297297297297,0.43265306122448904,0.612162162162162,0.538775510204081
Indian Number Plates/licensed_car95.jpeg,959,959,0.314911366006256,0.437956204379562,0.699687174139728,0.556830031282586
Indian Number Plates/licensed_car96.jpeg,900,350,0.35000000000000003,0.551428571428571,0.663333333333333,0.765714285714285
Indian Number Plates/licensed_car97.jpeg,350,196,0.35142857142857103,0.596938775510204,0.631428571428571,0.8673469387755101
Indian Number Plates/licensed_car98.jpeg,248,177,0.10483870967741901,0.361581920903954,0.8629032258064511,0.8361581920903951
Indian Number Plates/licensed_car99.jpeg,500,291,0.202,0.40206185567010305,0.516,0.6563573883161511
Indian Number Plates/licensed_car100.jpeg,248,177,0.11693548387096701,0.29943502824858703,0.919354838709677,0.915254237288135
Indian Number Plates/licensed_car101.jpeg,248,177,0.08467741935483801,0.31638418079096003,0.915322580645161,0.8700564971751411
Indian Number Plates/licensed_car102.jpeg,500,282,0.256,0.26241134751773004,0.722,0.716312056737588
Indian Number Plates/licensed_car103.jpeg,2592,1936,0.115729421352893,0.09825327510917001,0.9038304808475951,0.37008733624454104
Indian Number Plates/licensed_car104.jpeg,660,322,0.477272727272727,0.5714285714285711,0.6954545454545451,0.6863354037267081
Indian Number Plates/licensed_car105.jpeg,750,562,0.016,0.190391459074733,0.9293333333333331,0.711743772241992
Indian Number Plates/licensed_car106.jpeg,660,440,0.348484848484848,0.425,0.49545454545454504,0.56590909090909
Indian Number Plates/licensed_car107.jpeg,350,217,0.111428571428571,0.17050691244239602,0.902857142857142,0.8755760368663591
Indian Number Plates/licensed_car108.jpeg,622,379,0.06270096463022501,0.10290237467018401,0.9115755627009641,0.8970976253298151
Indian Number Plates/licensed_car109.jpeg,498,313,0.08433734939759001,0.26198083067092603,0.827309236947791,0.594249201277955
Indian Number Plates/licensed_car110.jpeg,450,600,0.046666666666666,0.28333333333333305,0.9155555555555551,0.665
Indian Number Plates/licensed_car111.jpeg,800,600,0.06625,0.296666666666666,0.9287500000000001,0.5416666666666661
Indian Number Plates/licensed_car112.jpeg,500,375,0.044,0.133333333333333,0.998,0.965333333333333
Indian Number Plates/licensed_car113.jpeg,570,400,0.028070175438596003,0.3025,0.842105263157894,0.71
Indian Number Plates/licensed_car114.jpeg,557,520,0.333931777378815,0.673076923076923,0.6858168761220821,0.8038461538461531
Indian Number Plates/licensed_car115.jpeg,600,450,0.08,0.164444444444444,0.9983333333333331,0.417777777777777
Indian Number Plates/licensed_car116.jpeg,600,450,0.191666666666666,0.28,0.87,0.724444444444444
Indian Number Plates/licensed_car117.jpeg,600,450,0.26833333333333304,0.257777777777777,0.721666666666666,0.553333333333333
Indian Number Plates/licensed_car118.jpeg,480,360,0.25625000000000003,0.36666666666666603,0.679166666666666,0.672222222222222
Indian Number Plates/licensed_car119.jpeg,480,360,0.027083333333333,0.177777777777777,0.9812500000000001,0.447222222222222
Indian Number Plates/licensed_car120.jpeg,496,287,0.27419354838709603,0.536585365853658,0.76008064516129,0.7665505226480831
Indian Number Plates/licensed_car121.jpeg,443,332,0.06094808126410801,0.11144578313253001,0.9683972911963881,0.39156626506024
Indian Number Plates/licensed_car122.jpeg,250,166,0.024,0.198795180722891,0.88,0.7469879518072281
Indian Number Plates/licensed_car123.jpeg,700,525,0.381428571428571,0.6133333333333331,0.7128571428571421,0.782857142857142
Indian Number Plates/licensed_car124.jpeg,400,300,0.3375,0.39333333333333304,0.8,0.6566666666666661
Indian Number Plates/licensed_car125.jpeg,500,333,0.334,0.3003003003003,0.7000000000000001,0.49249249249249205
Indian Number Plates/licensed_car126.jpeg,640,555,0.6921875,0.45945945945945904,0.9984375,0.6252252252252251
Indian Number Plates/licensed_car127.jpeg,610,338,0.31475409836065504,0.162721893491124,0.9967213114754091,0.618343195266272
Indian Number Plates/licensed_car128.jpeg,500,306,0.312,0.32026143790849604,0.598,0.503267973856209
Indian Number Plates/licensed_car129.jpeg,500,350,0.276,0.391428571428571,0.756,0.5942857142857141
Indian Number Plates/licensed_car130.jpeg,500,139,0.028,0.09352517985611501,0.998,0.834532374100719
Indian Number Plates/licensed_car131.jpeg,660,432,0.34393939393939305,0.414351851851851,0.5787878787878781,0.527777777777777
Indian Number Plates/licensed_car132.jpeg,647,404,0.301391035548686,0.48762376237623706,0.47140649149922703,0.636138613861386
Indian Number Plates/licensed_car133.jpeg,500,415,0.40800000000000003,0.648192771084337,0.714,0.9132530120481921
Indian Number Plates/licensed_car134.jpeg,602,339,0.17774086378737503,0.451327433628318,0.423588039867109,0.6076696165191741
Indian Number Plates/licensed_car135.jpeg,602,370,0.212624584717607,0.762162162162162,0.509966777408637,0.867567567567567
Indian Number Plates/licensed_car136.jpeg,500,332,0.31,0.605421686746987,0.656,0.825301204819277
Indian Number Plates/licensed_car137.jpeg,583,450,0.307032590051458,0.5822222222222221,0.677530017152658,0.748888888888888
Indian Number Plates/licensed_car138.jpeg,450,417,0.28222222222222204,0.6954436450839321,0.6866666666666661,0.877697841726618
Indian Number Plates/licensed_car139.jpeg,505,343,0.047524752475247005,0.6034985422740521,0.293069306930693,0.737609329446064
Indian Number Plates/licensed_car140.jpeg,389,267,0.560411311053984,0.5767790262172281,0.809768637532133,0.6966292134831461
Indian Number Plates/licensed_car141.jpeg,500,274,0.292,0.48905109489051,0.79,0.715328467153284
Indian Number Plates/licensed_car142.jpeg,800,485,0.7975,0.694845360824742,0.93625,0.7979381443298971
Indian Number Plates/licensed_car143.jpeg,484,456,0.36776859504132203,0.44956140350877105,0.7231404958677681,0.600877192982456
Indian Number Plates/licensed_car144.jpeg,500,376,0.22,0.492021276595744,0.876,0.7393617021276591
Indian Number Plates/licensed_car145.jpeg,960,720,0.32916666666666605,0.384722222222222,0.74375,0.5361111111111111
Indian Number Plates/licensed_car146.jpeg,600,337,0.315,0.38575667655786305,0.595,0.540059347181008
Indian Number Plates/licensed_car147.jpeg,600,337,0.27,0.6735905044510381,0.52,0.8130563798219581
Indian Number Plates/licensed_car148.jpeg,600,337,0.191666666666666,0.765578635014836,0.6916666666666661,0.9881305637982191
Indian Number Plates/licensed_car149.jpeg,506,407,0.353754940711462,0.651105651105651,0.6798418972332011,0.7886977886977881
Indian Number Plates/licensed_car150.jpeg,500,430,0.278,0.560465116279069,0.684,0.730232558139534
Indian Number Plates/licensed_car151.jpeg,350,197,0.271428571428571,0.48730964467005006,0.5714285714285711,0.7157360406091371
Indian Number Plates/licensed_car152.jpeg,350,467,0.342857142857142,0.565310492505353,0.657142857142857,0.640256959314775
Indian Number Plates/licensed_car153.jpeg,350,263,0.26,0.524714828897338,0.508571428571428,0.6463878326996191
Indian Number Plates/licensed_car154.jpeg,591,479,0.301184433164128,0.45511482254697205,0.6751269035532991,0.620041753653444
Indian Number Plates/licensed_car155.jpeg,960,720,0.328125,0.388888888888888,0.9145833333333331,0.5458333333333331
Indian Number Plates/licensed_car156.jpeg,700,419,0.505714285714285,0.45823389021479705,0.8371428571428571,0.6873508353221951
Indian Number Plates/licensed_car157.jpeg,387,317,0.162790697674418,0.40063091482649804,0.751937984496124,0.706624605678233
Indian Number Plates/licensed_car158.jpeg,500,537,0.166,0.063314711359404,0.738,0.8994413407821221
Indian Number Plates/licensed_car159.jpeg,1280,720,0.28524857375713103,0.34057971014492705,0.606356968215158,0.6652173913043471
Indian Number Plates/licensed_car160.jpeg,1920,1080,0.529747351263243,0.5695652173913041,0.662591687041564,0.627536231884057
Indian Number Plates/licensed_car161.jpeg,570,444,0.45438596491228006,0.48198198198198205,0.5719298245614031,0.5923423423423421
Indian Number Plates/licensed_car162.jpeg,320,180,0.26875000000000004,0.1,0.746875,0.322222222222222
Indian Number Plates/licensed_car163.jpeg,600,398,0.568333333333333,0.57537688442211,0.85,0.7889447236180901
Indian Number Plates/licensed_car164.jpeg,650,493,0.35846153846153805,0.7525354969574031,0.656923076923076,0.8722109533468551
Indian Number Plates/licensed_car165.jpeg,650,400,0.17692307692307602,0.4325,0.489230769230769,0.6000000000000001
Indian Number Plates/licensed_car166.jpeg,320,180,0.05625,0.18888888888888802,1.0,0.8777777777777771
Indian Number Plates/licensed_car167.jpeg,650,572,0.44307692307692303,0.526223776223776,0.8984615384615381,0.699300699300699
Indian Number Plates/licensed_car168.jpeg,642,336,0.341121495327102,0.41964285714285704,0.67601246105919,0.5863095238095231
Indian Number Plates/licensed_car169.jpeg,250,250,0.048,0.264,0.996,0.796
Indian Number Plates/licensed_car170.jpeg,2000,1500,0.277913610431947,0.29456521739130404,0.872860635696821,0.7195652173913041
Indian Number Plates/licensed_car171.jpeg,1300,924,0.30480847595762,0.729357798165137,0.615321923390383,0.8474770642201831
Indian Number Plates/licensed_car172.jpeg,500,155,0.032,0.05161290322580601,0.99,0.864516129032258
Indian Number Plates/licensed_car173.jpeg,500,268,0.442,0.455223880597014,0.862,0.686567164179104
Indian Number Plates/licensed_car174.jpeg,500,234,0.418,0.35470085470085405,0.896,0.6837606837606831
Indian Number Plates/licensed_car175.jpeg,503,495,0.264413518886679,0.44040404040404,0.9701789264413511,0.8565656565656561
Indian Number Plates/licensed_car176.jpeg,400,300,0.325,0.603333333333333,0.6575000000000001,0.75
Indian Number Plates/licensed_car177.jpeg,400,300,0.09,0.41000000000000003,0.275,0.55
Indian Number Plates/licensed_car178.jpeg,725,408,0.33103448275862,0.644607843137254,0.44,0.7892156862745091
Indian Number Plates/licensed_car179.jpeg,1024,685,0.3798828125,0.656934306569343,0.5859375,0.7430656934306571
Indian Number Plates/licensed_car180.jpeg,696,388,0.31465517241379304,0.337628865979381,0.701149425287356,0.5025773195876281
Indian Number Plates/licensed_car181.jpeg,800,533,0.35625,0.47279549718574104,0.6212500000000001,0.600375234521576
Indian Number Plates/licensed_car182.jpeg,586,331,0.31228668941979504,0.61631419939577,0.43515358361774703,0.703927492447129
Indian Number Plates/licensed_car183.jpeg,500,344,0.338,0.7558139534883721,0.716,0.8662790697674411
Indian Number Plates/licensed_car184.jpeg,500,271,0.2,0.546125461254612,0.518,0.767527675276752
Indian Number Plates/licensed_car185.jpeg,541,423,0.38077634011090505,0.6430260047281321,0.648798521256931,0.7659574468085101
Indian Number Plates/licensed_car186.jpeg,600,337,0.32833333333333303,0.5519287833827891,0.675,0.6943620178041541
Indian Number Plates/licensed_car187.jpeg,600,400,0.38833333333333303,0.445,0.591666666666666,0.56
Indian Number Plates/licensed_car188.jpeg,1266,453,0.6218418907905461,0.533029612756264,0.8272208638956801,0.6674259681093391
Indian Number Plates/licensed_car189.jpeg,678,475,0.24483775811209402,0.421052631578947,0.8436578171091441,0.7452631578947361
Indian Number Plates/licensed_car190.jpeg,350,263,0.328571428571428,0.32699619771863103,0.648571428571428,0.44486692015209106
Indian Number Plates/licensed_car191.jpeg,960,1280,0.346875,0.7296874999999999,0.672916666666666,0.8296874999999999
Indian Number Plates/licensed_car192.jpeg,1250,703,0.427872860635696,0.5420289855072461,0.6226568867155661,0.6739130434782601
Indian Number Plates/licensed_car193.jpeg,250,250,0.012,0.088,1.0,0.756
Indian Number Plates/licensed_car194.jpeg,300,225,0.293333333333333,0.44,0.45333333333333303,0.568888888888888
Indian Number Plates/licensed_car195.jpeg,361,308,0.221606648199445,0.409090909090909,0.5512465373961211,0.597402597402597
Indian Number Plates/licensed_car196.jpeg,531,512,0.295668549905838,0.5234375,0.6365348399246701,0.66015625
Indian Number Plates/licensed_car197.jpeg,300,404,0.373333333333333,0.30693069306930604,0.7766666666666661,0.48019801980198
Indian Number Plates/licensed_car198.jpeg,600,337,0.325,0.5905044510385751,0.46666666666666606,0.6943620178041541
Indian Number Plates/licensed_car199.jpeg,704,330,0.7954545454545451,0.624242424242424,0.9517045454545451,0.757575757575757
Indian Number Plates/licensed_car200.jpeg,654,380,0.030581039755351,0.6421052631578941,0.152905198776758,0.839473684210526
Indian Number Plates/licensed_car201.jpeg,630,353,0.39841269841269805,0.5297450424929171,0.595238095238095,0.662889518413597
Indian Number Plates/licensed_car202.jpeg,500,333,0.198,0.6156156156156151,0.8180000000000001,0.9339339339339341
Indian Number Plates/licensed_car203.jpeg,600,430,0.406666666666666,0.5348837209302321,0.6283333333333331,0.7069767441860461
Indian Number Plates/licensed_car204.jpeg,442,333,0.361990950226244,0.633633633633633,0.644796380090497,0.7897897897897891
Indian Number Plates/licensed_car205.jpeg,602,339,0.166112956810631,0.460176991150442,0.44518272425249106,0.640117994100295
Indian Number Plates/licensed_car206.jpeg,500,289,0.726,0.5743944636678201,0.87,0.698961937716263
Indian Number Plates/licensed_car207.jpeg,499,287,0.276553106212424,0.22996515679442503,0.90380761523046,0.540069686411149
Indian Number Plates/licensed_car208.jpeg,500,358,0.308,0.547486033519553,0.754,0.7234636871508381
Indian Number Plates/licensed_car209.jpeg,500,355,0.112,0.622535211267605,0.53,0.8140845070422531
Indian Number Plates/licensed_car210.jpeg,474,354,0.27637130801687704,0.293785310734463,0.8544303797468351,0.6384180790960451
Indian Number Plates/licensed_car211.jpeg,500,250,0.314,0.356,0.764,0.64
Indian Number Plates/licensed_car212.jpeg,500,332,0.28800000000000003,0.34036144578313204,0.6960000000000001,0.599397590361445
Indian Number Plates/licensed_car213.jpeg,509,290,0.24361493123772102,0.379310344827586,0.7858546168958741,0.7137931034482751
Indian Number Plates/licensed_car214.jpeg,500,354,0.28600000000000003,0.689265536723163,0.678,0.9067796610169491
Indian Number Plates/licensed_car215.jpeg,500,448,0.368,0.6808035714285711,0.778,0.8258928571428571
Indian Number Plates/licensed_car216.jpeg,500,336,0.47400000000000003,0.30357142857142805,0.774,0.48214285714285704
Indian Number Plates/licensed_car217.jpeg,450,290,0.246666666666666,0.40344827586206805,0.868888888888888,0.7275862068965511
Indian Number Plates/licensed_car218.jpeg,500,274,0.36,0.41970802919708006,0.76,0.686131386861313
Indian Number Plates/licensed_car219.jpeg,397,247,0.35264483627204,0.627530364372469,0.8261964735516371,0.8582995951417001
Indian Number Plates/licensed_car220.jpeg,418,330,0.13157894736842102,0.5787878787878781,0.46411483253588504,0.7212121212121211
Indian Number Plates/licensed_car221.jpeg,429,450,0.21678321678321602,0.7377777777777771,0.6946386946386941,0.902222222222222
Indian Number Plates/licensed_car222.jpeg,500,333,0.28200000000000003,0.663663663663663,0.7020000000000001,0.8198198198198191
Indian Number Plates/licensed_car223.jpeg,500,335,0.272,0.585074626865671,0.6960000000000001,0.8298507462686561
Indian Number Plates/licensed_car224.jpeg,229,140,0.104803493449781,0.257142857142857,0.8165938864628821,0.7428571428571421
Indian Number Plates/licensed_car225.jpeg,500,393,0.28600000000000003,0.524173027989821,0.804,0.694656488549618
Indian Number Plates/licensed_car226.jpeg,500,291,0.372,0.336769759450171,0.726,0.5326460481099651
Indian Number Plates/licensed_car227.jpeg,400,224,0.25,0.6383928571428571,0.545,0.866071428571428
Indian Number Plates/licensed_car228.jpeg,317,215,0.34384858044164,0.49302325581395307,0.7413249211356461,0.7534883720930231
Indian Number Plates/licensed_car229.jpeg,330,267,0.309090909090909,0.50187265917603,0.7939393939393941,0.7490636704119851
Indian Number Plates/licensed_car230.jpeg,424,249,0.330188679245283,0.5983935742971881,0.764150943396226,0.8835341365461841
Indian Number Plates/licensed_car231.jpeg,249,239,0.052208835341365,0.48953974895397406,0.5903614457831321,0.778242677824267
Indian Number Plates/licensed_car232.jpeg,500,366,0.34400000000000003,0.609289617486338,0.706,0.778688524590163
Indian Number Plates/licensed_car233.jpeg,500,333,0.368,0.45345345345345306,0.616,0.618618618618618
Indian Number Plates/licensed_car234.jpeg,500,332,0.334,0.608433734939759,0.628,0.7680722891566261
Indian Number Plates/licensed_car235.jpeg,586,331,0.29522184300341303,0.6012084592145011,0.44197952218430003,0.719033232628398
Indian Number Plates/licensed_car236.jpeg,395,147,0.040506329113924,0.129251700680272,0.9291139240506321,0.8571428571428571
benchmarks/endtoend/data_all/test_077.jpg,486,345,0.36419753086419754,0.6579710144927536,0.5925925925925926,0.7304347826086957
benchmarks/endtoend/data_all/wts-lg-000064.jpg,1280,800,0.3453125,0.53,0.4203125,0.59
benchmarks/endtoend/data_all/car8.jpg,405,540,0.35802469135802467,0.6037037037037037,0.5259259259259259,0.6666666666666666
benchmarks/endtoend/data_all/wts-lg-000179.jpg,1280,720,0.4984375,0.225,0.55859375,0.2777777777777778
benchmarks/endtoend/data_all/eu5.jpg,1200,767,0.19083333333333333,0.6179921773142112,0.3433333333333333,0.6727509778357236
benchmarks/endtoend/data_all/PJD2685.jpg,1280,1280,0.1703125,0.4875,0.37421875,0.553125
benchmarks/endtoend/data_all/NZP8292.jpg,1280,1280,0.43671875,0.49765625,0.67578125,0.575
benchmarks/endtoend/data_all/test_017.jpg,414,346,0.3285024154589372,0.6820809248554913,0.6038647342995169,0.7572254335260116
benchmarks/endtoend/data_all/wts-lg-000190.jpg,1280,720,0.29609375,0.5958333333333333,0.3734375,0.6638888888888889
benchmarks/endtoend/data_all/wts-lg-000041.jpg,1024,640,0.279296875,0.5984375,0.369140625,0.6703125
benchmarks/endtoend/data_all/OUP1442.jpg,1280,1280,0.4859375,0.56015625,0.65078125,0.61328125
benchmarks/endtoend/data_all/test_024.jpg,390,346,0.3384615384615385,0.6791907514450867,0.6205128205128205,0.7514450867052023
benchmarks/endtoend/data_all/PAG5219.png,1280,720,0.4125,0.7888888888888889,0.590625,0.8916666666666667
benchmarks/endtoend/data_all/car13.jpg,1600,1200,0.4325,0.39166666666666666,0.5925,0.49833333333333335
benchmarks/endtoend/data_all/wts-lg-000052.jpg,1280,720,0.3765625,0.6916666666666667,0.4296875,0.7388888888888889
benchmarks/endtoend/data_all/OZU5764.jpg,1280,720,0.33671875,0.4736111111111111,0.60078125,0.625
benchmarks/endtoend/data_all/test_091.jpg,458,413,0.3384279475982533,0.4963680387409201,0.6506550218340611,0.576271186440678
benchmarks/endtoend/data_all/test_012.jpg,576,432,0.4322916666666667,0.5972222222222222,0.6493055555555556,0.6620370370370371
benchmarks/endtoend/data_all/wts-lg-000096.jpg,1280,720,0.18515625,0.33055555555555555,0.24765625,0.3861111111111111
benchmarks/endtoend/data_all/car9-7.jpg,918,1632,0.10457516339869281,0.30637254901960786,0.25381263616557737,0.3480392156862745
benchmarks/endtoend/data_all/wts-lg-000035.jpg,800,600,0.2725,0.61,0.345,0.6583333333333333
benchmarks/endtoend/data_all/wts-lg-000024.jpg,1280,720,0.50390625,0.12916666666666668,0.5953125,0.20972222222222223
benchmarks/endtoend/data_all/wts-lg-000172.jpg,1280,720,0.4265625,0.5041666666666667,0.49140625,0.5611111111111111
benchmarks/endtoend/data_all/test_011.jpg,576,432,0.3993055555555556,0.47685185185185186,0.6006944444444444,0.5370370370370371
benchmarks/endtoend/data_all/wts-lg-000077.jpg,1280,720,0.4,0.5027777777777778,0.48359375,0.5763888888888888
benchmarks/endtoend/data_all/car9-1.jpg,918,1632,0.6993464052287581,0.2824754901960784,0.9030501089324618,0.3394607843137255
benchmarks/endtoend/data_all/wts-lg-000020.jpg,1024,640,0.36328125,0.278125,0.49609375,0.384375
benchmarks/endtoend/data_all/wts-lg-000034.jpg,1280,720,0.81796875,0.4388888888888889,0.865625,0.48055555555555557
benchmarks/endtoend/data_all/test_085.jpg,526,350,0.5874524714828897,0.6514285714285715,0.8079847908745247,0.7257142857142858
benchmarks/endtoend/data_all/wts-lg-000188.jpg,1280,720,0.28046875,0.25277777777777777,0.346875,0.3111111111111111
benchmarks/endtoend/data_all/wts-lg-000078.jpg,1280,720,0.425,0.5222222222222223,0.496875,0.5861111111111111
benchmarks/endtoend/data_all/wts-lg-000059.jpg,1280,720,0.10625,0.5986111111111111,0.1796875,0.6638888888888889
benchmarks/endtoend/data_all/us10.jpg,800,600,0.32625,0.485,0.64,0.6933333333333334
benchmarks/endtoend/data_all/wts-lg-000036.jpg,1024,640,0.6064453125,0.4890625,0.66796875,0.5375
benchmarks/endtoend/data_all/OZG3580.jpg,1280,1280,0.35859375,0.4421875,0.69609375,0.5515625
benchmarks/endtoend/data_all/wts-lg-000069.jpg,1280,720,0.584375,0.8222222222222222,0.64765625,0.8777777777777778
benchmarks/endtoend/data_all/wts-lg-000063.jpg,800,600,0.31625,0.6866666666666666,0.4175,0.7533333333333333
benchmarks/endtoend/data_all/JSP7678.jpg,1280,1280,0.32578125,0.37890625,0.6078125,0.4703125
benchmarks/endtoend/data_all/PVX0095.jpg,587,471,0.05792163543441227,0.24416135881104034,0.8415672913117547,0.5605095541401274
benchmarks/endtoend/data_all/wts-lg-000026.jpg,1280,720,0.3359375,0.15138888888888888,0.41015625,0.21666666666666667
benchmarks/endtoend/data_all/wts-lg-000147.jpg,1280,720,0.57109375,0.17083333333333334,0.628125,0.22083333333333333
benchmarks/endtoend/data_all/us5.jpg,1748,1329,0.48112128146453087,0.5011286681715575,0.6109839816933639,0.5861550037622273
benchmarks/endtoend/data_all/PJI5396.jpg,1280,1280,0.3515625,0.58359375,0.615625,0.66875
benchmarks/endtoend/data_all/JIT7463.jpg,581,1032,0.37005163511187605,0.48643410852713176,0.6282271944922547,0.5329457364341085
benchmarks/endtoend/data_all/wts-lg-000010.jpg,1280,720,0.3625,0.6111111111111112,0.45234375,0.6902777777777778
benchmarks/endtoend/data_all/wts-lg-000137.jpg,1280,720,0.51484375,0.44722222222222224,0.62421875,0.5444444444444444
benchmarks/endtoend/data_all/test_055.jpg,384,286,0.3203125,0.5314685314685315,0.5546875,0.6013986013986014
benchmarks/endtoend/data_all/JQS5683.jpg,1280,1280,0.4,0.41953125,0.54140625,0.46484375
benchmarks/endtoend/data_all/HPM9362.jpg,1280,960,0.45625,0.7010416666666667,0.65859375,0.7885416666666667
benchmarks/endtoend/data_all/wts-lg-000070.jpg,1280,720,0.48984375,0.6888888888888889,0.57578125,0.7652777777777777
benchmarks/endtoend/data_all/NYI3834.jpg,1280,1280,0.4046875,0.696875,0.6609375,0.7796875
benchmarks/endtoend/data_all/wts-lg-000038.jpg,1024,640,0.2099609375,0.7484375,0.2822265625,0.80625
benchmarks/endtoend/data_all/car9-4.jpg,918,1632,0.6808278867102396,0.30453431372549017,0.8017429193899782,0.3382352941176471
benchmarks/endtoend/data_all/test_007.jpg,530,397,0.3018867924528302,0.4508816120906801,0.5811320754716981,0.5365239294710328
benchmarks/endtoend/data_all/test_036.jpg,576,432,0.3229166666666667,0.47453703703703703,0.4513888888888889,0.5138888888888888
benchmarks/endtoend/data_all/OZP8126.jpg,1280,1280,0.4140625,0.57265625,0.64375,0.646875
benchmarks/endtoend/data_all/test_081.jpg,482,371,0.36721991701244816,0.46630727762803237,0.6099585062240664,0.5390835579514824
benchmarks/endtoend/data_all/test_046.jpg,461,346,0.4598698481561822,0.4161849710982659,0.7678958785249458,0.5086705202312138
benchmarks/endtoend/data_all/JPQ9870.jpg,1280,1280,0.44609375,0.48671875,0.69609375,0.56796875
benchmarks/endtoend/data_all/test_069.jpg,356,286,0.35674157303370785,0.5209790209790209,0.6573033707865169,0.6048951048951049
benchmarks/endtoend/data_all/car5.jpg,600,400,0.43333333333333335,0.62,0.5783333333333334,0.7275
benchmarks/endtoend/data_all/wts-lg-000121.jpg,1280,720,0.6875,0.12777777777777777,0.746875,0.18055555555555555
benchmarks/endtoend/data_all/c9368c55-210d-456c-a5ef-c310e60039ec.jpg,1280,720,0.615625,0.17222222222222222,0.6625,0.21388888888888888
benchmarks/endtoend/data_all/d4f79480-366a-40b6-ab2c-328bcba705b2.jpg,1280,720,0.3734375,0.4666666666666667,0.42890625,0.5152777777777777
benchmarks/endtoend/data_all/wts-lg-000017.jpg,1280,720,0.39453125,0.5597222222222222,0.50078125,0.6541666666666667
benchmarks/endtoend/data_all/test_005.jpg,576,432,0.390625,0.5787037037037037,0.6163194444444444,0.6481481481481481
benchmarks/endtoend/data_all/PJP8208.jpg,1280,1280,0.1375,0.38203125,0.3484375,0.45
benchmarks/endtoend/data_all/3850ba91-3c64-4c64-acba-0c46b61ec0da.jpg,1280,720,0.2546875,0.17777777777777778,0.29921875,0.21666666666666667
benchmarks/endtoend/data_all/wts-lg-000178.jpg,1280,720,0.496875,0.2611111111111111,0.55859375,0.31527777777777777
benchmarks/endtoend/data_all/wts-lg-000124.jpg,1280,720,0.63359375,0.1986111111111111,0.6953125,0.25277777777777777
benchmarks/endtoend/data_all/wts-lg-000150.jpg,1280,720,0.38671875,0.42916666666666664,0.45625,0.49027777777777776
benchmarks/endtoend/data_all/OUM7311.jpg,1280,720,0.4,0.6625,0.56171875,0.7555555555555555
benchmarks/endtoend/data_all/test_074.jpg,545,298,0.29357798165137616,0.7080536912751678,0.48440366972477067,0.7885906040268457
benchmarks/endtoend/data_all/wts-lg-000055.jpg,1280,720,0.23125,0.7486111111111111,0.30859375,0.8166666666666667
benchmarks/endtoend/data_all/NTK5785.jpg,1280,1280,0.40703125,0.53046875,0.5984375,0.5921875
benchmarks/endtoend/data_all/33fa5185-0286-4e8f-b775-46162eba39d4.jpg,1280,720,0.5203125,0.1736111111111111,0.565625,0.21388888888888888
benchmarks/endtoend/data_all/wts-lg-000199.jpg,1280,720,0.18984375,0.2361111111111111,0.25078125,0.2902777777777778
benchmarks/endtoend/data_all/wts-lg-000136.jpg,1280,720,0.5703125,0.46111111111111114,0.6796875,0.5583333333333333
benchmarks/endtoend/data_all/test_044.jpg,410,360,0.5829268292682926,0.4638888888888889,0.802439024390244,0.5194444444444445
benchmarks/endtoend/data_all/test_049.jpg,461,346,0.5119305856832972,0.5115606936416185,0.7570498915401301,0.5867052023121387
benchmarks/endtoend/data_all/test_025.jpg,445,399,0.34606741573033706,0.5213032581453634,0.6404494382022472,0.5964912280701754
benchmarks/endtoend/data_all/wts-lg-000118.jpg,1280,720,0.64609375,0.28888888888888886,0.709375,0.34444444444444444
benchmarks/endtoend/data_all/OZV6697.jpg,1280,960,0.33515625,0.44166666666666665,0.5625,0.5395833333333333
benchmarks/endtoend/data_all/wts-lg-000075.jpg,1280,720,0.625,0.5569444444444445,0.69921875,0.6222222222222222
benchmarks/endtoend/data_all/wts-lg-000016.jpg,1280,720,0.403125,0.4305555555555556,0.4890625,0.5069444444444444
benchmarks/endtoend/data_all/eu6.jpg,450,338,0.6555555555555556,0.6538461538461539,0.8688888888888889,0.7189349112426036
benchmarks/endtoend/data_all/PJX5721.jpg,1280,720,0.3875,0.6694444444444444,0.5671875,0.7722222222222223
benchmarks/endtoend/data_all/OLC7676.jpg,1280,720,0.409375,0.5722222222222222,0.59921875,0.6805555555555556
benchmarks/endtoend/data_all/wts-lg-000157.jpg,1280,720,0.4640625,0.4083333333333333,0.53046875,0.4666666666666667
benchmarks/endtoend/data_all/test_010.jpg,346,259,0.3265895953757225,0.6911196911196911,0.7225433526011561,0.8108108108108109
benchmarks/endtoend/data_all/wts-lg-000181.jpg,1280,720,0.4734375,0.5791666666666667,0.56484375,0.6597222222222222
benchmarks/endtoend/data_all/wts-lg-000177.jpg,1280,720,0.3296875,0.5972222222222222,0.40703125,0.6652777777777777
benchmarks/endtoend/data_all/wts-lg-000161.jpg,1280,720,0.39609375,0.5861111111111111,0.475,0.6555555555555556
benchmarks/endtoend/data_all/ODC9387.jpg,1280,960,0.4703125,0.7385416666666667,0.64765625,0.8145833333333333
benchmarks/endtoend/data_all/test_019.jpg,559,428,0.3828264758497317,0.5233644859813084,0.6100178890876565,0.5911214953271028
benchmarks/endtoend/data_all/wts-lg-000167.jpg,1280,720,0.3703125,0.6263888888888889,0.44453125,0.6916666666666667
benchmarks/endtoend/data_all/wts-lg-000090.jpg,1280,720,0.17109375,0.2652777777777778,0.2421875,0.3277777777777778
benchmarks/endtoend/data_all/JIY4434.jpg,1280,718,0.53671875,0.48885793871866295,0.70703125,0.5863509749303621
benchmarks/endtoend/data_all/test_057.jpg,465,348,0.3161290322580645,0.6379310344827587,0.535483870967742,0.7040229885057471
benchmarks/endtoend/data_all/OUN4297.jpg,1280,720,0.40546875,0.6027777777777777,0.59921875,0.7138888888888889
benchmarks/endtoend/data_all/wts-lg-000057.jpg,1280,720,0.30078125,0.2708333333333333,0.38515625,0.3458333333333333
benchmarks/endtoend/data_all/wts-lg-000053.jpg,1280,720,0.4671875,0.6291666666666667,0.51953125,0.675
benchmarks/endtoend/data_all/car17.jpg,720,480,0.034722222222222224,0.3625,0.12916666666666668,0.43333333333333335
benchmarks/endtoend/data_all/test_080.jpg,448,396,0.359375,0.5050505050505051,0.6205357142857143,0.5732323232323232
benchmarks/endtoend/data_all/test_066.jpg,380,319,0.35526315789473684,0.5141065830721003,0.6526315789473685,0.5956112852664577
benchmarks/endtoend/data_all/wts-lg-000113.jpg,1280,720,0.36640625,0.4875,0.45546875,0.5666666666666667
benchmarks/endtoend/data_all/test_058.jpg,480,350,0.45,0.47714285714285715,0.6583333333333333,0.5428571428571428
benchmarks/endtoend/data_all/MYX3152.jpg,1280,1280,0.2859375,0.59921875,0.54453125,0.6828125
benchmarks/endtoend/data_all/wts-lg-000025.jpg,1280,720,0.74609375,0.5375,0.8046875,0.5888888888888889
benchmarks/endtoend/data_all/wts-lg-000072.jpg,1024,640,0.91796875,0.790625,0.9755859375,0.8359375
benchmarks/endtoend/data_all/JSQ1413.jpg,1280,1280,0.43203125,0.6296875,0.65,0.7
benchmarks/endtoend/data_all/OZR2224.jpg,1280,1280,0.384375,0.7171875,0.659375,0.80625
benchmarks/endtoend/data_all/OZC8400.jpg,1280,1280,0.37109375,0.5046875,0.6640625,0.59921875
benchmarks/endtoend/data_all/eu3.jpg,480,360,0.725,0.5138888888888888,0.9145833333333333,0.5722222222222222
benchmarks/endtoend/data_all/wts-lg-000144.jpg,1280,720,0.515625,0.4486111111111111,0.625,0.5458333333333333
benchmarks/endtoend/data_all/wts-lg-000086.jpg,1280,720,0.1453125,0.30416666666666664,0.22265625,0.37222222222222223
benchmarks/endtoend/data_all/wts-lg-000148.jpg,1280,720,0.22890625,0.4513888888888889,0.2984375,0.5125
benchmarks/endtoend/data_all/wts-lg-000175.jpg,1280,720,0.4765625,0.5486111111111112,0.58671875,0.6458333333333334
benchmarks/endtoend/data_all/wts-lg-000049.jpg,1280,720,0.5046875,0.4527777777777778,0.5625,0.5041666666666667
benchmarks/endtoend/data_all/JRV1942.jpg,1280,1280,0.43828125,0.48515625,0.64375,0.5515625
benchmarks/endtoend/data_all/OKM0944.jpg,1280,1280,0.234375,0.46484375,0.4109375,0.521875
benchmarks/endtoend/data_all/OUZ2198.jpg,1280,720,0.375,0.6291666666666667,0.55546875,0.7333333333333333
benchmarks/endtoend/data_all/wts-lg-000044.jpg,1024,640,0.3291015625,0.85625,0.4013671875,0.9140625
benchmarks/endtoend/data_all/wts-lg-000169.jpg,1280,720,0.4765625,0.4722222222222222,0.546875,0.5347222222222222
benchmarks/endtoend/data_all/wts-lg-000062.jpg,1280,720,0.5171875,0.7222222222222222,0.58125,0.7791666666666667
benchmarks/endtoend/data_all/NZW2197.jpg,1280,1280,0.37890625,0.659375,0.6484375,0.746875
benchmarks/endtoend/data_all/test_060.jpg,354,328,0.7175141242937854,0.3323170731707317,0.9661016949152542,0.3932926829268293
benchmarks/endtoend/data_all/wts-lg-000095.jpg,1024,640,0.5009765625,0.4765625,0.572265625,0.5328125
benchmarks/endtoend/data_all/test_032.jpg,530,397,0.3622641509433962,0.42317380352644834,0.5943396226415094,0.49370277078085645
benchmarks/endtoend/data_all/PJB7392.jpg,1280,1280,0.33125,0.5109375,0.478125,0.55859375
benchmarks/endtoend/data_all/us3.jpg,500,375,0.42,0.552,0.604,0.6746666666666666
benchmarks/endtoend/data_all/test_094.jpg,469,394,0.3646055437100213,0.6751269035532995,0.6396588486140725,0.748730964467005
benchmarks/endtoend/data_all/wts-lg-000176.jpg,1280,720,0.659375,0.5486111111111112,0.77265625,0.6486111111111111
benchmarks/endtoend/data_all/test_041.jpg,451,364,0.3215077605321508,0.6373626373626373,0.5631929046563193,0.7060439560439561
benchmarks/endtoend/data_all/wts-lg-000042.jpg,800,600,0.04375,0.7716666666666666,0.13375,0.8316666666666667
benchmarks/endtoend/data_all/test_064.jpg,461,346,0.34273318872017355,0.41329479768786126,0.5813449023861171,0.48554913294797686
benchmarks/endtoend/data_all/test_030.jpg,461,346,0.38611713665943603,0.523121387283237,0.6832971800433839,0.6127167630057804
benchmarks/endtoend/data_all/316b64c0-55bf-4079-a1c0-d93f461a576f.jpg,1920,1080,0.041666666666666664,0.7509259259259259,0.13489583333333333,0.8333333333333334
benchmarks/endtoend/data_all/wts-lg-000013.jpg,1280,720,0.4359375,0.7708333333333334,0.52890625,0.8527777777777777
benchmarks/endtoend/data_all/wts-lg-000074.jpg,1280,720,0.7140625,0.4361111111111111,0.8078125,0.5194444444444445
benchmarks/endtoend/data_all/car9-5.jpg,918,1632,0.5152505446623094,0.2604166666666667,0.659041394335512,0.3008578431372549
benchmarks/endtoend/data_all/NZU2673.jpg,1280,1280,0.39140625,0.6375,0.60625,0.70703125
benchmarks/endtoend/data_all/PWC0633.jpg,1280,960,0.35078125,0.6479166666666667,0.54140625,0.7302083333333333
benchmarks/endtoend/data_all/wts-lg-000170.jpg,1280,720,0.35703125,0.48194444444444445,0.428125,0.5444444444444444
benchmarks/endtoend/data_all/0b86cecf-67d1-4fc0-87c9-b36b0ee228bb.jpg,1920,1080,0.4869791666666667,0.3351851851851852,0.5385416666666667,0.38055555555555554
benchmarks/endtoend/data_all/test_071.jpg,359,284,0.3147632311977716,0.41901408450704225,0.584958217270195,0.4964788732394366
benchmarks/endtoend/data_all/JST2699.jpg,1280,1280,0.29375,0.60234375,0.65546875,0.71953125
benchmarks/endtoend/data_all/test_072.jpg,388,281,0.2654639175257732,0.49466192170818507,0.5103092783505154,0.5693950177935944
benchmarks/endtoend/data_all/PJY8509.jpg,1280,1280,0.38828125,0.58203125,0.5703125,0.640625
benchmarks/endtoend/data_all/JOG9221.jpg,1280,1280,0.4078125,0.446875,0.60859375,0.51171875
benchmarks/endtoend/data_all/test_096.jpg,535,362,0.1252336448598131,0.638121546961326,0.30467289719626167,0.6988950276243094
benchmarks/endtoend/data_all/test_033.jpg,461,346,0.3470715835140998,0.3930635838150289,0.6247288503253796,0.476878612716763
benchmarks/endtoend/data_all/PJU2853.jpg,1280,960,0.3390625,0.7510416666666667,0.55703125,0.8447916666666667
benchmarks/endtoend/data_all/wts-lg-000080.jpg,1280,720,0.30703125,0.375,0.39375,0.4513888888888889
benchmarks/endtoend/data_all/wts-lg-000029.jpg,1024,640,0.4970703125,0.3953125,0.5712890625,0.4546875
benchmarks/endtoend/data_all/OZU2104.jpg,1280,1280,0.34765625,0.52265625,0.60859375,0.60703125
benchmarks/endtoend/data_all/wts-lg-000159.jpg,1280,720,0.3765625,0.42083333333333334,0.45859375,0.4930555555555556
benchmarks/endtoend/data_all/wts-lg-000135.jpg,1280,720,0.37265625,0.5861111111111111,0.47734375,0.6791666666666667
benchmarks/endtoend/data_all/test_052.jpg,402,298,0.24378109452736318,0.42953020134228187,0.42039800995024873,0.48322147651006714
benchmarks/endtoend/data_all/test_088.jpg,476,413,0.3802521008403361,0.6900726392251816,0.6407563025210085,0.7578692493946732
benchmarks/endtoend/data_all/wts-lg-000050.jpg,1280,720,0.43828125,0.8111111111111111,0.490625,0.8569444444444444
benchmarks/endtoend/data_all/wts-lg-000158.jpg,1280,720,0.6171875,0.44305555555555554,0.725,0.5388888888888889
benchmarks/endtoend/data_all/NYM7544.jpg,1280,1280,0.28671875,0.62421875,0.50625,0.6953125
benchmarks/endtoend/data_all/car11.jpg,1280,960,0.07734375,0.35,0.14140625,0.3927083333333333
benchmarks/endtoend/data_all/OYJ9557.jpg,1280,960,0.38515625,0.6666666666666666,0.5671875,0.7447916666666666
benchmarks/endtoend/data_all/eu2.jpg,450,322,0.31333333333333335,0.8043478260869565,0.6222222222222222,0.9037267080745341
benchmarks/endtoend/data_all/wts-lg-000088.jpg,1024,640,0.474609375,0.3234375,0.5283203125,0.365625
benchmarks/endtoend/data_all/wts-lg-000164.jpg,1280,720,0.65859375,0.4305555555555556,0.76484375,0.525
benchmarks/endtoend/data_all/test_018.jpg,326,249,0.39263803680981596,0.6506024096385542,0.6533742331288344,0.7269076305220884
benchmarks/endtoend/data_all/OZK4620.jpg,1280,1280,0.6484375,0.46328125,0.93828125,0.55703125
benchmarks/endtoend/data_all/wts-lg-000102.jpg,1280,720,0.5140625,0.6861111111111111,0.57421875,0.7388888888888889
benchmarks/endtoend/data_all/wts-lg-000046.jpg,1280,960,0.36953125,0.17083333333333334,0.42890625,0.21041666666666667
benchmarks/endtoend/data_all/PJC4903.jpg,1280,1280,0.421875,0.5859375,0.64765625,0.65859375
benchmarks/endtoend/data_all/car3.jpg,904,768,0.43694690265486724,0.6966145833333334,0.5707964601769911,0.7747395833333334
benchmarks/endtoend/data_all/us7.jpg,900,600,0.38222222222222224,0.35,0.7077777777777777,0.5933333333333334
benchmarks/endtoend/data_all/OKL0817.jpg,1280,1280,0.3734375,0.3234375,0.5671875,0.3859375
benchmarks/endtoend/data_all/PJF4224.jpg,1280,1280,0.4953125,0.62890625,0.70078125,0.6953125
benchmarks/endtoend/data_all/NTD9247.jpg,1280,1280,0.52890625,0.56328125,0.70703125,0.62109375
benchmarks/endtoend/data_all/OUQ6314.jpg,1280,720,0.38671875,0.6916666666666667,0.55390625,0.7875
benchmarks/endtoend/data_all/OUP9563.jpg,1280,1280,0.3921875,0.48203125,0.59140625,0.54609375
benchmarks/endtoend/data_all/PXP8172.jpg,1280,1280,0.45,0.684375,0.6375,0.7453125
benchmarks/endtoend/data_all/wts-lg-000127.jpg,1280,720,0.52265625,0.2875,0.58828125,0.3458333333333333
benchmarks/endtoend/data_all/wts-lg-000040.jpg,1024,640,0.33984375,0.3234375,0.42578125,0.3921875
benchmarks/endtoend/data_all/e73fd200-7ba4-4725-9d1d-2ec710864df6.jpg,1920,1080,0.8552083333333333,0.3861111111111111,0.9255208333333333,0.44814814814814813
benchmarks/endtoend/data_all/car12.jpg,1296,972,0.26003086419753085,0.5925925925925926,0.37885802469135804,0.6718106995884774
benchmarks/endtoend/data_all/7fbfbe28-aecb-45be-bd05-7cf26acb3c5c.jpg,1280,720,0.35,0.37916666666666665,0.39765625,0.42083333333333334
benchmarks/endtoend/data_all/OUW5216.jpg,1280,720,0.41796875,0.6638888888888889,0.60234375,0.7694444444444445
benchmarks/endtoend/data_all/eu8.jpg,1023,764,0.3098729227761486,0.7068062827225131,0.6060606060606061,0.7971204188481675
benchmarks/endtoend/data_all/test_059.jpg,406,304,0.39901477832512317,0.5098684210526315,0.645320197044335,0.5855263157894737
benchmarks/endtoend/data_all/wts-lg-000037.jpg,1280,720,0.43671875,0.6083333333333333,0.48828125,0.6541666666666667
benchmarks/endtoend/data_all/OLC4728.jpg,1280,720,0.40390625,0.5722222222222222,0.6125,0.6916666666666667
benchmarks/endtoend/data_all/test_079.jpg,488,366,0.3135245901639344,0.5109289617486339,0.5368852459016393,0.5792349726775956
benchmarks/endtoend/data_all/cfaa9dd2-a388-4e92-bb3a-ae65c28d8139.jpg,1280,720,0.26640625,0.35138888888888886,0.30703125,0.3875
benchmarks/endtoend/data_all/wts-lg-000106.jpg,1024,640,0.314453125,0.4625,0.384765625,0.51875
benchmarks/endtoend/data_all/car9-9.jpg,918,1632,0.4477124183006536,0.3020833333333333,0.5468409586056645,0.32965686274509803
benchmarks/endtoend/data_all/JSG9648.jpg,1280,1280,0.44609375,0.4453125,0.6234375,0.50234375
benchmarks/endtoend/data_all/wts-lg-000132.jpg,1280,720,0.61328125,0.18194444444444444,0.67578125,0.2375
benchmarks/endtoend/data_all/PJT4884.jpg,1280,1280,0.40859375,0.53828125,0.58984375,0.596875
benchmarks/endtoend/data_all/wts-lg-000011.jpg,1024,640,0.20703125,0.3,0.318359375,0.3890625
benchmarks/endtoend/data_all/a03ced3f-5a97-4e75-8106-fabfd2b8b76e.jpg,1280,720,0.69609375,0.10138888888888889,0.74296875,0.14305555555555555
benchmarks/endtoend/data_all/wts-lg-000023.jpg,1024,640,0.859375,0.2359375,0.9482421875,0.30625
benchmarks/endtoend/data_all/wts-lg-000119.jpg,1280,720,0.5265625,0.2833333333333333,0.59140625,0.3402777777777778
benchmarks/endtoend/data_all/test_068.jpg,425,330,0.3764705882352941,0.5363636363636364,0.6470588235294118,0.6151515151515151
benchmarks/endtoend/data_all/wts-lg-000143.jpg,1280,720,0.3015625,0.44305555555555554,0.37109375,0.5041666666666667
benchmarks/endtoend/data_all/wts-lg-000082.jpg,1024,768,0.15234375,0.2916666666666667,0.2353515625,0.3463541666666667
benchmarks/endtoend/data_all/test_031.jpg,437,357,0.4302059496567506,0.47619047619047616,0.6750572082379863,0.5434173669467787
benchmarks/endtoend/data_all/us6.jpg,1009,814,0.379583746283449,0.6977886977886978,0.5936570862239842,0.8304668304668305
benchmarks/endtoend/data_all/us1.jpg,1280,720,0.39140625,0.4652777777777778,0.515625,0.575
benchmarks/endtoend/data_all/PUT6858.jpg,720,720,0.34305555555555556,0.6597222222222222,0.6055555555555555,0.7444444444444445
benchmarks/endtoend/data_all/NZM5430.jpg,1280,1280,0.3484375,0.53125,0.634375,0.6234375
benchmarks/endtoend/data_all/PJP2783.jpg,1280,1280,0.34296875,0.63828125,0.6390625,0.734375
benchmarks/endtoend/data_all/OKV8004.jpg,1280,1280,0.36015625,0.62890625,0.58046875,0.7
benchmarks/endtoend/data_all/PJV9741.jpg,1280,1280,0.38671875,0.45859375,0.65625,0.54609375
benchmarks/endtoend/data_all/JRD2238.jpg,1280,1280,0.325,0.46640625,0.44453125,0.5046875
benchmarks/endtoend/data_all/wts-lg-000168.jpg,1280,720,0.24765625,0.7236111111111111,0.375,0.8361111111111111
benchmarks/endtoend/data_all/wts-lg-000165.jpg,1280,720,0.6578125,0.39166666666666666,0.76796875,0.4888888888888889
benchmarks/endtoend/data_all/test_014.jpg,451,283,0.48337028824833705,0.49469964664310956,0.7250554323725056,0.5830388692579506
benchmarks/endtoend/data_all/wts-lg-000061.jpg,1280,800,0.23984375,0.19375,0.296875,0.23875
benchmarks/endtoend/data_all/eu4.jpg,711,450,0.14627285513361463,0.4666666666666667,0.8565400843881856,0.7244444444444444
benchmarks/endtoend/data_all/test_003.jpg,530,397,0.34150943396226413,0.4005037783375315,0.6622641509433962,0.4987405541561713
benchmarks/endtoend/data_all/wts-lg-000173.jpg,1280,720,0.50859375,0.325,0.5734375,0.3819444444444444
benchmarks/endtoend/data_all/wts-lg-000048.jpg,1280,720,0.38125,0.8236111111111111,0.4390625,0.875
benchmarks/endtoend/data_all/OKS0078.jpg,1280,1280,0.40703125,0.52734375,0.56484375,0.578125
benchmarks/endtoend/data_all/FZB9581.jpg,1280,1280,0.75546875,0.38515625,0.95703125,0.45
benchmarks/endtoend/data_all/test_093.jpg,522,385,0.2471264367816092,0.4649350649350649,0.4789272030651341,0.535064935064935
benchmarks/endtoend/data_all/PJJ1406.jpg,1280,1280,0.38203125,0.4640625,0.56484375,0.5234375
benchmarks/endtoend/data_all/test_061.jpg,412,267,0.4368932038834951,0.33707865168539325,0.6747572815533981,0.41947565543071164
benchmarks/endtoend/data_all/us2.jpg,640,480,0.4765625,0.48333333333333334,0.6515625,0.6
benchmarks/endtoend/data_all/test_056.jpg,357,306,0.46218487394957986,0.5424836601307189,0.6666666666666666,0.5947712418300654
benchmarks/endtoend/data_all/PJJ4955.jpg,1280,1280,0.31015625,0.5296875,0.55390625,0.60859375
benchmarks/endtoend/data_all/wts-lg-000101.jpg,1280,720,0.82734375,0.525,0.9015625,0.5902777777777778
benchmarks/endtoend/data_all/wts-lg-000073.jpg,1280,720,0.7890625,0.46805555555555556,0.8625,0.5333333333333333
benchmarks/endtoend/data_all/wts-lg-000100.jpg,1280,720,0.196875,0.7180555555555556,0.27109375,0.7833333333333333
benchmarks/endtoend/data_all/test_023.jpg,426,393,0.4014084507042254,0.7353689567430025,0.6619718309859155,0.7989821882951654
benchmarks/endtoend/data_all/wts-lg-000047.jpg,1280,720,0.44765625,0.33055555555555555,0.49140625,0.36944444444444446
benchmarks/endtoend/data_all/OVK3653.jpg,1280,960,0.378125,0.375,0.6640625,0.4979166666666667
benchmarks/endtoend/data_all/test_050.jpg,474,421,0.4008438818565401,0.4584323040380047,0.6729957805907173,0.5273159144893111
benchmarks/endtoend/data_all/test_045.jpg,483,389,0.5507246376811594,0.6118251928020566,0.7619047619047619,0.6709511568123393
benchmarks/endtoend/data_all/test_037.jpg,691,518,0.45296671490593343,0.4343629343629344,0.5918958031837916,0.4768339768339768
benchmarks/endtoend/data_all/car1.jpg,600,600,0.405,0.5933333333333334,0.5966666666666667,0.6883333333333334
benchmarks/endtoend/data_all/test_063.jpg,442,333,0.2171945701357466,0.4894894894894895,0.45475113122171945,0.5615615615615616
benchmarks/endtoend/data_all/OCX4764.jpg,1280,960,0.33125,0.73125,0.53203125,0.8177083333333334
benchmarks/endtoend/data_all/wts-lg-000067.jpg,1024,640,0.251953125,0.3734375,0.3134765625,0.421875
benchmarks/endtoend/data_all/NZF7823.jpg,1280,1280,0.39921875,0.5390625,0.5671875,0.59296875
benchmarks/endtoend/data_all/test_035.jpg,576,432,0.3871527777777778,0.42592592592592593,0.5520833333333334,0.47453703703703703
benchmarks/endtoend/data_all/OZS6477.jpg,1280,1280,0.3453125,0.61015625,0.53828125,0.67265625
benchmarks/endtoend/data_all/wts-lg-000163.jpg,1280,720,0.57109375,0.125,0.6515625,0.19583333333333333
benchmarks/endtoend/data_all/wts-lg-000149.jpg,1280,720,0.4703125,0.34305555555555556,0.5375,0.4027777777777778
benchmarks/endtoend/data_all/wts-lg-000018.jpg,1280,720,0.24609375,0.45555555555555555,0.31796875,0.5194444444444445
benchmarks/endtoend/data_all/test_022.jpg,501,413,0.3712574850299401,0.6343825665859564,0.6147704590818364,0.7021791767554479
benchmarks/endtoend/data_all/wts-lg-000098.jpg,1280,720,0.67890625,0.5722222222222222,0.74609375,0.6319444444444444
benchmarks/endtoend/data_all/car9-0.jpg,918,1632,0.8071895424836601,0.29534313725490197,0.9651416122004357,0.3394607843137255
benchmarks/endtoend/data_all/OUH9191.jpg,1280,720,0.40625,0.6013888888888889,0.5796875,0.7013888888888888
benchmarks/endtoend/data_all/test_073.jpg,453,332,0.25386313465783666,0.4939759036144578,0.5143487858719646,0.5753012048192772
benchmarks/endtoend/data_all/wts-lg-000196.jpg,1280,720,0.525,0.6013888888888889,0.63125,0.6958333333333333
benchmarks/endtoend/data_all/wts-lg-000193.jpg,1280,720,0.38671875,0.5888888888888889,0.49921875,0.6888888888888889
benchmarks/endtoend/data_all/PJF5797.jpg,1280,1280,0.4140625,0.5015625,0.59765625,0.5609375
benchmarks/endtoend/data_all/wts-lg-000126.jpg,1280,720,0.6078125,0.001388888888888889,0.66328125,0.05
benchmarks/endtoend/data_all/wts-lg-000155.jpg,1280,720,0.62109375,0.4041666666666667,0.721875,0.4930555555555556
benchmarks/endtoend/data_all/wts-lg-000133.jpg,1280,720,0.47734375,0.33055555555555555,0.54296875,0.3888888888888889
benchmarks/endtoend/data_all/f0a3b8c0-198a-471b-9ca9-345c3dd28073.jpg,1280,720,0.2109375,0.4041666666666667,0.26328125,0.45
benchmarks/endtoend/data_all/test_027.jpg,576,432,0.5399305555555556,0.47685185185185186,0.8142361111111112,0.5601851851851852
benchmarks/endtoend/data_all/OKK7448.jpg,1280,1280,0.41796875,0.63359375,0.61640625,0.69765625
benchmarks/endtoend/data_all/NZF0384.jpg,1280,1280,0.4265625,0.56953125,0.60390625,0.6265625
benchmarks/endtoend/data_all/wts-lg-000141.jpg,1280,720,0.334375,0.25555555555555554,0.39921875,0.3125
benchmarks/endtoend/data_all/wts-lg-000156.jpg,1280,720,0.5984375,0.34444444444444444,0.6609375,0.4
benchmarks/endtoend/data_all/car2.jpg,1024,768,0.2041015625,0.8151041666666666,0.2880859375,0.87109375
benchmarks/endtoend/data_all/wts-lg-000094.jpg,1024,640,0.4326171875,0.5984375,0.533203125,0.678125
benchmarks/endtoend/data_all/test_087.jpg,430,328,0.45813953488372094,0.725609756097561,0.7069767441860465,0.7987804878048781
benchmarks/endtoend/data_all/JSK5419.jpg,1280,1280,0.38671875,0.47890625,0.65546875,0.565625
benchmarks/endtoend/data_all/wts-lg-000099.jpg,1280,720,0.25546875,0.39444444444444443,0.3203125,0.4513888888888889
benchmarks/endtoend/data_all/test_009.jpg,576,432,0.3697916666666667,0.49537037037037035,0.5451388888888888,0.5486111111111112
benchmarks/endtoend/data_all/OZK6717.jpg,1280,1280,0.35390625,0.45078125,0.5609375,0.51796875
benchmarks/endtoend/data_all/eu7.jpg,2048,1536,0.4140625,0.62109375,0.58154296875,0.6725260416666666
benchmarks/endtoend/data_all/wts-lg-000131.jpg,1280,720,0.53671875,0.33194444444444443,0.60078125,0.3888888888888889
benchmarks/endtoend/data_all/test_082.jpg,474,356,0.39029535864978904,0.6910112359550562,0.630801687763713,0.7640449438202247
benchmarks/endtoend/data_all/wts-lg-000140.jpg,1280,720,0.559375,0.2847222222222222,0.62578125,0.34305555555555556
benchmarks/endtoend/data_all/test_076.jpg,465,350,0.1956989247311828,0.42,0.4064516129032258,0.4828571428571429
benchmarks/endtoend/data_all/PJH0957.jpg,1280,1280,0.37734375,0.46953125,0.55859375,0.528125
benchmarks/endtoend/data_all/test_097.jpg,547,392,0.20658135283363802,0.6530612244897959,0.3912248628884826,0.7117346938775511
benchmarks/endtoend/data_all/NZJ6581.jpg,1280,1280,0.4015625,0.60078125,0.60546875,0.66640625
benchmarks/endtoend/data_all/test_013.jpg,359,284,0.3649025069637883,0.5176056338028169,0.6852367688022284,0.6091549295774648
benchmarks/endtoend/data_all/wts-lg-000128.jpg,1280,720,0.54453125,0.3819444444444444,0.609375,0.4388888888888889
benchmarks/endtoend/data_all/wts-lg-000028.jpg,1280,720,0.27734375,0.5930555555555556,0.39375,0.6958333333333333
benchmarks/endtoend/data_all/PJT2905.jpg,1280,1280,-0.00078125,0.4484375,0.21015625,0.51640625
benchmarks/endtoend/data_all/5b562a61-34ad-4f00-9164-d34abb7a38e4.jpg,1280,720,0.40859375,0.4236111111111111,0.453125,0.4625
benchmarks/endtoend/data_all/wts-lg-000154.jpg,1280,720,0.1921875,0.4236111111111111,0.26640625,0.4888888888888889
benchmarks/endtoend/data_all/test_026.jpg,573,410,0.12216404886561955,0.6195121951219512,0.3193717277486911,0.6829268292682927
benchmarks/endtoend/data_all/car18.jpg,720,480,0.1111111111111111,0.39375,0.21944444444444444,0.475
benchmarks/endtoend/data_all/test_095.jpg,487,369,0.4004106776180698,0.46612466124661245,0.6509240246406571,0.5420054200542005
benchmarks/endtoend/data_all/OKT3896.jpg,1280,1280,0.3640625,0.54453125,0.55234375,0.60546875
benchmarks/endtoend/data_all/wts-lg-000115.jpg,1280,720,0.21875,0.7736111111111111,0.32578125,0.8680555555555556
benchmarks/endtoend/data_all/test_078.jpg,495,408,0.2404040404040404,0.6666666666666666,0.5292929292929293,0.7475490196078431
benchmarks/endtoend/data_all/NTO1053.jpg,1280,1280,0.4375,0.43125,0.66484375,0.5046875
benchmarks/endtoend/data_all/test_054.jpg,364,260,0.21703296703296704,0.6961538461538461,0.4340659340659341,0.7653846153846153
benchmarks/endtoend/data_all/test_062.jpg,414,276,0.5531400966183575,0.6413043478260869,0.7536231884057971,0.7101449275362319
benchmarks/endtoend/data_all/NYL3614.jpg,1280,1280,0.35078125,0.51875,0.55546875,0.58515625
benchmarks/endtoend/data_all/wts-lg-000089.jpg,1024,640,0.4326171875,0.5015625,0.4814453125,0.540625
benchmarks/endtoend/data_all/wts-lg-000085.jpg,1024,640,0.51953125,0.7921875,0.59765625,0.8546875
benchmarks/endtoend/data_all/wts-lg-000039.jpg,800,600,0.25625,0.5266666666666666,0.335,0.5783333333333334
benchmarks/endtoend/data_all/ODJ1599.jpg,1280,960,0.4390625,0.55625,0.70625,0.671875
benchmarks/endtoend/data_all/wts-lg-000071.jpg,1024,640,0.3291015625,0.8375,0.3876953125,0.884375
benchmarks/endtoend/data_all/car9-2.jpg,1632,918,0.4583333333333333,0.42483660130718953,0.5171568627450981,0.477124183006536
benchmarks/endtoend/data_all/wts-lg-000091.jpg,1024,640,0.58984375,0.19375,0.65234375,0.24375
benchmarks/endtoend/data_all/wts-lg-000129.jpg,1280,720,0.76171875,0.5666666666666667,0.8734375,0.6652777777777777
benchmarks/endtoend/data_all/test_089.jpg,579,441,0.4110535405872193,0.7052154195011338,0.6753022452504318,0.7845804988662132
benchmarks/endtoend/data_all/OKP7250.jpg,1280,1280,0.38984375,0.71953125,0.63671875,0.79921875
benchmarks/endtoend/data_all/eu11.jpg,600,387,0.15333333333333332,0.5193798449612403,0.3566666666666667,0.5917312661498708
benchmarks/endtoend/data_all/NYY1710.jpg,1280,720,0.403125,0.6069444444444444,0.59296875,0.7152777777777778
benchmarks/endtoend/data_all/wts-lg-000122.jpg,1280,720,0.52265625,0.3125,0.58984375,0.37222222222222223
benchmarks/endtoend/data_all/test_040.jpg,608,456,0.5016447368421053,0.5855263157894737,0.6842105263157895,0.6403508771929824
benchmarks/endtoend/data_all/car9.jpg,1798,1084,0.5723025583982202,0.45202952029520294,0.6384872080088988,0.5064575645756457
benchmarks/endtoend/data_all/wts-lg-000139.jpg,1280,720,0.62734375,0.1388888888888889,0.684375,0.18888888888888888
benchmarks/endtoend/data_all/test_042.jpg,653,224,0.3568147013782542,0.5803571428571429,0.5145482388973966,0.6830357142857143
benchmarks/endtoend/data_all/OLB4809.jpg,1280,720,0.41171875,0.5847222222222223,0.56015625,0.6694444444444444
benchmarks/endtoend/data_all/GWT2180.jpg,1280,719,0.41328125,0.4283727399165508,0.590625,0.5299026425591099
benchmarks/endtoend/data_all/wts-lg-000066.jpg,1280,720,0.51015625,0.8847222222222222,0.5859375,0.9513888888888888
benchmarks/endtoend/data_all/wts-lg-000060.jpg,1280,720,0.26171875,0.4083333333333333,0.35,0.4861111111111111
benchmarks/endtoend/data_all/PWF3266.jpg,1280,960,0.34140625,0.7791666666666667,0.571875,0.878125
benchmarks/endtoend/data_all/test_083.jpg,585,369,0.558974358974359,0.5474254742547425,0.7367521367521368,0.6124661246612466
benchmarks/endtoend/data_all/test_001.jpg,450,390,0.4177777777777778,0.5358974358974359,0.6555555555555556,0.5974358974358974
benchmarks/endtoend/data_all/test_090.jpg,492,413,0.3333333333333333,0.5811138014527845,0.6300813008130082,0.6610169491525424
benchmarks/endtoend/data_all/AZJ6991.jpg,1280,1280,0.4375,0.5015625,0.621875,0.5609375
benchmarks/endtoend/data_all/wts-lg-000125.jpg,1280,720,0.54921875,0.3472222222222222,0.6109375,0.4013888888888889
benchmarks/endtoend/data_all/PJK4867.jpg,1280,1280,0.57890625,0.50234375,0.85234375,0.590625
benchmarks/endtoend/data_all/OZL2318.jpg,1280,1280,0.4625,0.625,0.69609375,0.70078125
benchmarks/endtoend/data_all/JRK5336.jpg,1280,1280,0.28828125,0.5125,0.44296875,0.5625
benchmarks/endtoend/data_all/wts-lg-000033.jpg,1280,720,0.49140625,0.4736111111111111,0.55546875,0.5305555555555556
benchmarks/endtoend/data_all/NTV0498.jpg,1280,1280,0.4859375,0.5140625,0.67265625,0.57421875
benchmarks/endtoend/data_all/test_038.jpg,496,437,0.3790322580645161,0.4805491990846682,0.6451612903225806,0.5491990846681922
benchmarks/endtoend/data_all/test_048.jpg,464,373,0.27155172413793105,0.5254691689008043,0.5323275862068966,0.5978552278820375
benchmarks/endtoend/data_all/car15.jpg,720,480,0.19027777777777777,0.38333333333333336,0.35833333333333334,0.5083333333333333
benchmarks/endtoend/data_all/test_021.jpg,453,427,0.33774834437086093,0.5480093676814989,0.6291390728476821,0.6182669789227166
benchmarks/endtoend/data_all/wts-lg-000076.jpg,1280,720,0.32890625,0.36527777777777776,0.409375,0.4361111111111111
benchmarks/endtoend/data_all/wts-lg-000045.jpg,1024,640,0.2666015625,0.496875,0.34375,0.5578125
benchmarks/endtoend/data_all/wts-lg-000012.jpg,1280,720,0.44609375,0.39305555555555555,0.53984375,0.47638888888888886
benchmarks/endtoend/data_all/test_092.jpg,505,370,0.3445544554455445,0.6864864864864865,0.6237623762376238,0.772972972972973
benchmarks/endtoend/data_all/wts-lg-000120.jpg,1280,720,0.3765625,0.40555555555555556,0.44375,0.4652777777777778
benchmarks/endtoend/data_all/wts-lg-000174.jpg,1280,720,0.3453125,0.3902777777777778,0.41640625,0.4527777777777778
benchmarks/endtoend/data_all/PJI7589.jpg,1280,1280,0.30078125,0.5375,0.50703125,0.60390625
benchmarks/endtoend/data_all/us8.jpg,900,675,0.34444444444444444,0.40444444444444444,0.71,0.6474074074074074
benchmarks/endtoend/data_all/PJI5921.jpg,1280,1280,0.43203125,0.4546875,0.6234375,0.51640625
benchmarks/endtoend/data_all/wts-lg-000083.jpg,1280,720,0.4921875,0.8805555555555555,0.55625,0.9375
benchmarks/endtoend/data_all/wts-lg-000142.jpg,1280,720,0.203125,0.6055555555555555,0.27890625,0.6722222222222223
benchmarks/endtoend/data_all/wts-lg-000195.jpg,1280,720,0.4875,0.5097222222222222,0.5546875,0.5694444444444444
benchmarks/endtoend/data_all/test_006.jpg,576,432,0.3576388888888889,0.6273148148148148,0.6163194444444444,0.7060185185185185
benchmarks/endtoend/data_all/OLA1208.jpg,1280,720,0.340625,0.6847222222222222,0.5625,0.8125
benchmarks/endtoend/data_all/wts-lg-000186.jpg,1280,720,0.040625,0.39444444444444443,0.11328125,0.4583333333333333
benchmarks/endtoend/data_all/PJB2414.jpg,1280,720,0.32734375,0.42777777777777776,0.61484375,0.5930555555555556
benchmarks/endtoend/data_all/wts-lg-000134.jpg,1280,720,0.49140625,0.3861111111111111,0.56171875,0.4486111111111111
benchmarks/endtoend/data_all/wts-lg-000065.jpg,1280,720,0.209375,0.5666666666666667,0.2953125,0.6430555555555556
benchmarks/endtoend/data_all/wts-lg-000032.jpg,1280,720,0.17578125,0.46805555555555556,0.23828125,0.5236111111111111
benchmarks/endtoend/data_all/car22.jpg,1280,960,0.37890625,0.3854166666666667,0.421875,0.41354166666666664
benchmarks/endtoend/data_all/AYO9034.jpg,1280,720,0.4125,0.5722222222222222,0.5390625,0.6444444444444445
benchmarks/endtoend/data_all/PYB6477.jpg,1280,1280,0.65859375,0.62265625,0.884375,0.6953125
benchmarks/endtoend/data_all/wts-lg-000043.jpg,1280,800,0.5328125,0.54125,0.603125,0.5975
benchmarks/endtoend/data_all/car16.jpg,720,480,0.4861111111111111,0.75,0.6069444444444444,0.8395833333333333
benchmarks/endtoend/data_all/wts-lg-000130.jpg,1280,720,0.484375,0.37777777777777777,0.55078125,0.4361111111111111
benchmarks/endtoend/data_all/test_004.jpg,576,432,0.40625,0.41898148148148145,0.6388888888888888,0.48842592592592593
benchmarks/endtoend/data_all/OLE5095.jpg,1280,720,0.37890625,0.6583333333333333,0.57890625,0.7736111111111111
benchmarks/endtoend/data_all/wts-lg-000014.jpg,1280,720,0.43125,0.2388888888888889,0.5015625,0.3013888888888889
benchmarks/endtoend/data_all/car19.jpg,900,600,0.2833333333333333,0.36,0.6111111111111112,0.605
benchmarks/endtoend/data_all/wts-lg-000051.jpg,1280,800,0.590625,0.63125,0.6671875,0.6925
benchmarks/endtoend/data_all/wts-lg-000160.jpg,1280,720,0.35546875,0.4388888888888889,0.42421875,0.5
benchmarks/endtoend/data_all/test_065.jpg,461,346,0.2668112798264642,0.40173410404624277,0.5010845986984815,0.47109826589595377
benchmarks/endtoend/data_all/test_043.jpg,451,329,0.2838137472283814,0.47416413373860183,0.47671840354767187,0.5349544072948328
benchmarks/endtoend/data_all/wts-lg-000152.jpg,1280,720,0.56015625,0.2263888888888889,0.62265625,0.28194444444444444
benchmarks/endtoend/data_all/car6.jpg,640,480,0.4453125,0.25833333333333336,0.571875,0.3416666666666667
benchmarks/endtoend/data_all/NZO6276.jpg,1280,1280,0.3578125,0.54921875,0.56015625,0.61484375
benchmarks/endtoend/data_all/OUG6157.jpg,1280,1280,0.4796875,0.43046875,0.64921875,0.48515625
benchmarks/endtoend/data_all/wts-lg-000030.jpg,1280,720,0.3734375,0.5708333333333333,0.42890625,0.6194444444444445
benchmarks/endtoend/data_all/JSC7486.jpg,1280,1280,0.3296875,0.4875,0.559375,0.56171875
benchmarks/endtoend/data_all/wts-lg-000191.jpg,1280,720,0.5921875,0.6347222222222222,0.7,0.7305555555555555
benchmarks/endtoend/data_all/test_086.jpg,425,334,0.31529411764705884,0.4221556886227545,0.5858823529411765,0.5
benchmarks/endtoend/data_all/test_053.jpg,422,276,0.5639810426540285,0.6630434782608695,0.7819905213270142,0.7391304347826086
benchmarks/endtoend/data_all/wts-lg-000197.jpg,1280,720,0.54921875,0.013888888888888888,0.60625,0.06388888888888888
benchmarks/endtoend/data_all/test_028.jpg,461,346,0.3579175704989154,0.45664739884393063,0.6355748373101953,0.5404624277456648
benchmarks/endtoend/data_all/PJY5472.jpg,1280,1280,0.4453125,0.62421875,0.653125,0.69140625
benchmarks/endtoend/data_all/car21.jpg,1280,960,0.225,0.34791666666666665,0.27421875,0.3802083333333333
benchmarks/endtoend/data_all/4be2025c-09f7-4bb0-b1bd-8e8633e6dec1.jpg,1280,720,0.278125,0.4583333333333333,0.32578125,0.5
benchmarks/endtoend/data_all/JQV5526.jpg,1280,1280,0.28828125,0.56328125,0.5015625,0.63203125
benchmarks/endtoend/data_all/JGZ3298.jpg,1280,960,0.16796875,0.3541666666666667,0.7984375,0.6270833333333333
benchmarks/endtoend/data_all/wts-lg-000138.jpg,1280,720,0.6828125,0.4847222222222222,0.77421875,0.5652777777777778
benchmarks/endtoend/data_all/wts-lg-000084.jpg,1280,720,0.33984375,0.5777777777777777,0.41640625,0.6458333333333334
benchmarks/endtoend/data_all/wts-lg-000162.jpg,1280,720,0.59453125,0.48194444444444445,0.7046875,0.5791666666666667
benchmarks/endtoend/data_all/22e54a62-57a8-4a0a-88c1-4b9758f67651.jpg,1280,720,0.334375,0.2875,0.3796875,0.3277777777777778
benchmarks/endtoend/data_all/test_034.jpg,576,432,0.4461805555555556,0.5393518518518519,0.5989583333333334,0.5856481481481481
benchmarks/endtoend/data_all/NTH0518.jpg,1280,1280,0.30859375,0.54453125,0.6546875,0.65625
benchmarks/endtoend/data_all/wts-lg-000027.jpg,1280,720,0.69296875,0.2847222222222222,0.79765625,0.37777777777777777
benchmarks/endtoend/data_all/wts-lg-000183.jpg,1280,720,0.70625,0.1388888888888889,0.76640625,0.19166666666666668
benchmarks/endtoend/data_all/OKL1235.jpg,1280,720,0.39609375,0.6194444444444445,0.54375,0.7041666666666667
benchmarks/endtoend/data_all/car20.jpg,1280,960,0.06484375,0.378125,0.12421875,0.41770833333333335
benchmarks/endtoend/data_all/car7.jpg,1280,850,0.4265625,0.38,0.578125,0.49411764705882355
benchmarks/endtoend/data_all/MTW5608.jpg,1280,960,0.3421875,0.6010416666666667,0.60625,0.7145833333333333
benchmarks/endtoend/data_all/wts-lg-000192.jpg,1280,720,0.44765625,0.4166666666666667,0.51328125,0.475
benchmarks/endtoend/data_all/test_016.jpg,489,356,0.26993865030674846,0.48314606741573035,0.5194274028629857,0.5617977528089888
benchmarks/endtoend/data_all/test_047.jpg,413,353,0.4648910411622276,0.7082152974504249,0.7336561743341404,0.7790368271954674
benchmarks/endtoend/data_all/wts-lg-000097.jpg,1280,720,0.48203125,0.7680555555555556,0.55234375,0.8305555555555556
benchmarks/endtoend/data_all/wts-lg-000171.jpg,1280,720,0.5390625,0.34444444444444444,0.64453125,0.4375
benchmarks/endtoend/data_all/test_070.jpg,378,287,0.3201058201058201,0.4564459930313589,0.5952380952380952,0.5400696864111498
benchmarks/endtoend/data_all/eu10.jpg,800,641,0.2975,0.48985959438377535,0.395,0.5179407176287052
benchmarks/endtoend/data_all/37170dd1-2802-4e38-b982-c5d07c64ff67.jpg,1280,720,0.365625,0.44027777777777777,0.4171875,0.4861111111111111
benchmarks/endtoend/data_all/12c6cb72-3ea3-49e7-b381-e0cdfc5e8960.jpg,1280,720,0.71171875,0.18888888888888888,0.76015625,0.23194444444444445
benchmarks/endtoend/data_all/wts-lg-000151.jpg,1280,720,0.4109375,0.13472222222222222,0.47265625,0.18888888888888888
benchmarks/endtoend/data_all/NYZ0897.jpg,1280,720,0.41171875,0.5319444444444444,0.540625,0.6055555555555555
benchmarks/endtoend/data_all/wts-lg-000123.jpg,1280,720,0.4984375,0.40694444444444444,0.565625,0.4666666666666667
benchmarks/endtoend/data_all/test_020.jpg,487,409,0.36344969199178645,0.5354523227383863,0.6242299794661191,0.6063569682151589
benchmarks/endtoend/data_all/21d8c31d-3deb-494b-9c63-c0223306fd82.jpg,1280,720,0.5453125,0.11805555555555555,0.590625,0.15833333333333333
benchmarks/endtoend/data_all/test_067.jpg,405,303,0.37777777777777777,0.7392739273927392,0.6617283950617284,0.8250825082508251
benchmarks/endtoend/data_all/wts-lg-000058.jpg,1280,720,0.55390625,0.26805555555555555,0.59453125,0.30416666666666664
benchmarks/endtoend/data_all/OKM2371.jpg,1280,1280,0.28671875,0.72421875,0.475,0.78515625
benchmarks/endtoend/data_all/wts-lg-000087.jpg,1280,720,0.540625,0.8097222222222222,0.6171875,0.8777777777777778
benchmarks/endtoend/data_all/test_051.jpg,482,343,0.21161825726141079,0.6705539358600583,0.4149377593360996,0.7346938775510204
benchmarks/endtoend/data_all/test_002.jpg,576,432,0.3697916666666667,0.46296296296296297,0.5850694444444444,0.5277777777777778
benchmarks/endtoend/data_all/PJG0783.jpg,1280,1280,0.0796875,0.40625,0.334375,0.48828125
benchmarks/endtoend/data_all/wts-lg-000117.jpg,1280,720,0.55703125,0.6916666666666667,0.63359375,0.7597222222222222
benchmarks/endtoend/data_all/1e241dc8-8f18-4955-8988-03a0ab49f813.jpg,1280,720,0.44453125,0.44166666666666665,0.49375,0.4847222222222222
benchmarks/endtoend/data_all/test_029.jpg,547,410,0.4990859232175503,0.44146341463414634,0.696526508226691,0.5
benchmarks/endtoend/data_all/OEL1145.jpg,1280,1280,0.18046875,0.521875,0.42421875,0.60078125
benchmarks/endtoend/data_all/wts-lg-000056.jpg,1024,640,0.453125,0.70625,0.541015625,0.7765625
benchmarks/endtoend/data_all/wts-lg-000146.jpg,1280,720,0.61171875,0.2791666666666667,0.671875,0.33194444444444443
benchmarks/endtoend/data_all/wts-lg-000187.jpg,1280,720,0.36171875,0.3055555555555556,0.4296875,0.36527777777777776
benchmarks/endtoend/data_all/wts-lg-000021.jpg,1024,640,0.5380859375,0.4515625,0.6083984375,0.5078125
benchmarks/endtoend/data_all/test_008.jpg,576,432,0.2864583333333333,0.6527777777777778,0.5017361111111112,0.7175925925925926
benchmarks/endtoend/data_all/test_075.jpg,432,343,0.26157407407407407,0.5247813411078717,0.4652777777777778,0.5830903790087464
benchmarks/endtoend/data_all/OVA1319.jpg,1280,1280,0.3359375,0.51015625,0.5359375,0.575
benchmarks/endtoend/data_all/wts-lg-000166.jpg,1280,720,0.39140625,0.15138888888888888,0.45078125,0.20416666666666666
benchmarks/endtoend/data_all/test_084.jpg,505,370,0.5485148514851486,0.6459459459459459,0.7386138613861386,0.7054054054054054
benchmarks/endtoend/data_all/test_039.jpg,530,397,0.4509433962264151,0.3979848866498741,0.5830188679245283,0.43828715365239296
benchmarks/endtoend/data_all/PJU2207.jpg,1280,1280,0.3296875,0.7140625,0.63984375,0.81484375
benchmarks/endtoend/data_all/wts-lg-000079.jpg,1280,720,0.921875,0.011111111111111112,0.99609375,0.0763888888888889
benchmarks/endtoend/data_all/test_015.jpg,560,329,0.4017857142857143,0.6261398176291794,0.6196428571428572,0.7112462006079028
benchmarks/endtoend/data_all/eu1.jpg,1000,750,0.396,0.4533333333333333,0.599,0.5146666666666667
benchmarks/endtoend/data_all/us4.jpg,300,199,0.21666666666666667,0.271356783919598,0.7366666666666667,0.6633165829145728
benchmarks/endtoend/data_all/wts-lg-000194.jpg,1280,720,0.67109375,0.011111111111111112,0.7359375,0.06805555555555555
benchmarks/endtoend/data_all/wts-lg-000189.jpg,1280,720,0.73046875,0.2513888888888889,0.78984375,0.30416666666666664
benchmarks/endtoend/data_all/wts-lg-000145.jpg,1280,720,0.5109375,0.375,0.57421875,0.4305555555555556
benchmarks/endtoend/data_all/MXQ1601.jpg,1280,1280,0.37109375,0.69609375,0.6359375,0.78203125
benchmarks/endtoend/data_all/wts-lg-000022.jpg,1024,640,0.5322265625,0.3796875,0.59765625,0.43125
benchmarks/endtoend/data_all/car14.jpg,720,480,0.10555555555555556,0.6375,0.2625,0.7541666666666667
benchmarks/endtoend/data_all/f8fc5e59-9083-466b-ae3f-6b869a0b257b.jpg,1280,720,0.8265625,0.22083333333333333,0.8765625,0.2652777777777778
benchmarks/endtoend/data_all/eu9.jpg,600,425,0.6516666666666666,0.4752941176470588,0.87,0.5458823529411765
benchmarks/endtoend/data_all/wts-lg-000031.jpg,1280,720,0.51015625,0.6069444444444444,0.584375,0.6722222222222223
benchmarks/endtoend/data_all/wts-lg-000068.jpg,800,500,0.7075,0.904,0.78125,0.962
